archivo,nombre_original,tamano_bytes,sha256
datos/originales/BD_2020.xlsx,BD 2020.xlsx,9058800,8bd988116b6fe8868e7b0610ffb3822a16735f3e0abf44a40f73d7dfb5cda083
datos/originales/BD_2021.xlsx,BD 2021.xlsx,11148691,deb5f4168dee848ab8dab4178db402b1c0ad2b350592e6a1d2bedd4d3f9a408e
datos/originales/BD_2022.xlsx,BD 2022.xlsx,11289993,287c27ea939c3d7d65ddc00a483e987b51d1182a1b6911aa7ffa1a44231f78b7
datos/originales/BD_2023.xlsx,BD 2023.xlsx,11877350,83e652200150d4202370ded3dd32a223f673fcba98e701c1be7b7fce1cb1f6f4
datos/originales/BD_2024.xlsx,BD 2024.xlsx,12096829,60c0c576976db9306415d3f576af8bf7c077537ca60a73abff6e598216c5685b
datos/originales/BD_2025.xlsx,BD 2025.xlsx,11299310,70580c915725970d7f4eda23df3d9898448f6bf13cdc94c662368f018ce83117
datos/originales/Etiquetas.xlsx,Etiquetas.xlsx,14402,ccaaf9e5d96dcdd1f3602c9bd6e15d91307524cdb432823e3cf6e06524a51ff3
referencias/originales/ubicacion_estaciones.docx,Ubicación de las estaciones de monitoreo.docx,17909,0fe41e1d7bf71e6b619626ef15cd884277ac2bb147dc7db47599012bc391d1f5
referencias/originales/rangos_parametros_SIMA.pdf,Rangos de los parámetros del SIMA.pdf,68050,6a4be778c1fbff229f0ba9d8a223ce924637b27a94edd27513965510889a08e5
