anio,variable,min,max
2020,PM10,0,800
2020,PM2.5,0,205.94
2020,O3,0,153
2020,NO,0,500
2020,NO2,0,200
2020,NOX,0,500
2020,SO2,0,200
2020,CO,0,20
2020,RH,0,100
2020,WSR,0,75
2020,TOUT,0,41
2020,SR,0,1
2020,PRS,690,750
2020,WDR,0,360
2020,RAINF,0,30
2021,PM10,0,800
2021,PM2.5,0,325
2021,O3,0,175
2021,NO,0,350
2021,NO2,0,100
2021,NOX,0,400
2021,SO2,0,300
2021,CO,0,10
2021,RH,0,100
2021,WSR,0,40
2021,TOUT,-6.5,45
2021,SR,0,1
2021,PRS,690,740
2021,WDR,0,360
2021,RAINF,0,80
2022,PM10,0,999
2022,PM2.5,0,450
2022,O3,0,160
2022,NO,0,400
2022,NO2,0,175
2022,NOX,0,420
2022,SO2,0,200
2022,CO,0,8
2022,RH,0,100
2022,WSR,0,35
2022,TOUT,-5,45
2022,SR,0,1.25
2022,PRS,700,740
2022,WDR,0,360
2022,RAINF,0,25
2023,PM10,0,900
2023,PM2.5,0,800
2023,O3,0,175
2023,NO,0,500
2023,NO2,0,175
2023,NOX,0,500
2023,SO2,0,250
2023,CO,0,14
2023,RH,0,100
2023,WSR,0,40
2023,TOUT,0,45
2023,SR,0,1
2023,PRS,690,740
2023,WDR,0,360
2023,RAINF,0,70
2024,PM10,0,999
2024,PM2.5,0,999
2024,O3,0,180
2024,NO,0,400
2024,NO2,0,130
2024,NOX,0,500
2024,SO2,0,150
2024,CO,0,18
2024,RH,0,100
2024,WSR,0,38
2024,TOUT,-4,45.5
2024,SR,0,1.26
2024,PRS,687.5,740
2024,WDR,0,360
2024,RAINF,0,50
2025,PM10,0,820
2025,PM2.5,0,350
2025,O3,0,185
2025,NO,0,350
2025,NO2,0,175
2025,NOX,0,400
2025,SO2,0,405
2025,CO,0,10
2025,RH,0,100
2025,WSR,0,40
2025,TOUT,-4.5,45
2025,SR,0,1.2
2025,PRS,688,740
2025,WDR,0,360
2025,RAINF,0,25
